mean_R,mean_G,mean_B,std_R,std_G,std_B,green_ratio,ExG,VARI,GR_ratio,brightness,contrast,filename
0.4509826019607843,0.5458838176470587,0.30849159803921566,0.2745651517923177,0.27110549261686995,0.24871516730329915,0.4181870460712057,0.33229343529411765,0.18412629262908578,44810.17065567429,0.4351193392156863,0.2824290133673896,ID1473228876.jpg
0.45537520000000004,0.5165457,0.24507115490196077,0.23676338788422255,0.23924893876063918,0.2173636312830859,0.42444459162649695,0.3326450450980392,0.09431156023784261,4627.892150649446,0.4056640183006536,0.25890791248504297,ID1193692654.jpg
0.44775592941176473,0.4411155196078431,0.31586984901960785,0.29778690759082804,0.3000287481914707,0.2865436022072603,0.3661495763980928,0.11860526078431373,-0.028664224573748703,2401.976210104497,0.40158043267973853,0.3010221651794567,ID353424190.jpg
0.43563823529411766,0.5149690823529411,0.4090923137254902,0.20889126563895882,0.21064473629310063,0.21535661274703813,0.3787373819067169,0.1852076156862745,0.18104014759910106,23081.718883613503,0.45323321045751636,0.21637510349399416,ID61833032.jpg
0.3972474235294118,0.5069108941176471,0.2030970450980392,0.2716638596401382,0.2681073457384544,0.23285109544181717,0.4578084754386136,0.4134773196078431,0.21321202779497994,62595.44434121197,0.3690851209150327,0.2870792773682445,ID471758347.jpg
0.4277914254901961,0.586525768627451,0.26796502941176475,0.2505224411743746,0.24527701947922675,0.23656618159769227,0.4574077011213599,0.47729508235294116,0.26011707810976364,61705.376512179915,0.4274274078431373,0.2766625737490747,ID1036339023.jpg
0.38686278627450976,0.564175056862745,0.28692618039215684,0.2059750914139047,0.21424801956495518,0.20424093583278163,0.4557281484618684,0.45456114705882356,0.30689981409639144,68852.02171136193,0.4126546745098039,0.23767878466573103,ID315357834.jpg
0.41935723529411767,0.5211391803921568,0.27270780980392156,0.28195001133394315,0.2805150821119171,0.2525946507137838,0.42955601797877846,0.35021331568627456,0.20499127765694822,46481.232521007434,0.40440140849673206,0.29050712316662697,ID1314135397.jpg
0.43714404901960785,0.5830903627450981,0.21994614117647057,0.19568810690911664,0.19905372449850647,0.1805376018168429,0.4701657001963148,0.5090905352941176,0.2019635371403454,25425.048452856667,0.41339351764705884,0.24310014433852697,ID1450399782.jpg
0.3173392745098039,0.31091043333333335,0.27337127647058823,0.2268436373773899,0.21984090654371263,0.20104818308388994,0.34483495315011464,0.03111031568627451,-0.019222780824266452,1398.074551361425,0.30054032810457515,0.21705324460399955,ID212206250.jpg
0.4205578254901961,0.4511066980392157,0.30455154705882354,0.278822574958178,0.2749027279966004,0.2626229860911772,0.3835236615823289,0.17710402352941176,0.06905577838654758,18348.284071668346,0.3920720235294118,0.27942842762753795,ID21377800.jpg
0.4093850039215686,0.5776020784313726,0.21242087843137256,0.21903903295229954,0.22232705145258103,0.1836723792352809,0.4815726529261503,0.5333982745098038,0.25875758345245675,106245.79929435432,0.39980265359477124,0.256878275474088,ID1386202352.jpg
0.3919743607843137,0.503611094117647,0.2547373803921569,0.23102330275584257,0.22948931968634204,0.21296228652401697,0.4377997847977039,0.36051044705882357,0.21231687183363046,12651.721810050354,0.3834409450980392,0.24662274916325547,ID1989506559.jpg
0.5311202607843137,0.5510310392156863,0.3282753882352941,0.2111978940905742,0.20920536623766128,0.20864411329119725,0.390683925584455,0.24266642941176467,0.02429542684834586,2024.403555747988,0.4701422294117647,0.2325878488005151,ID1211362607.jpg
0.4269342294117647,0.5696980705882353,0.33391098823529414,0.2614896838501337,0.26743951621775275,0.24943161226741206,0.4281695089095023,0.3785509235294118,0.25623725783525764,16341.779307253388,0.4435144294117647,0.27708422753347367,ID1463690813.jpg
0.5115176215686275,0.5065793294117648,0.4565312549019607,0.19104463247713366,0.19287401746047264,0.19302304451048555,0.343530202362668,0.04510978235294118,-0.020123629280287138,2325.522137448173,0.4915427352941177,0.19391341102439813,ID1513184765.jpg
0.33337998823529413,0.44815766862745093,0.2935793921568628,0.18101443175991655,0.17884365781014505,0.17247656063565264,0.41684546335458855,0.2693559568627451,0.2791747405061227,40347.081762369475,0.35837234967320264,0.18919442502943465,ID1139918758.jpg
0.3118939647058824,0.34743290196078436,0.24663030392156862,0.23133717458303077,0.22179320653001658,0.20072192539536204,0.3834981491456331,0.13634153529411763,0.13466246782542418,6061.842401338652,0.3019857235294118,0.22228078931229606,ID866684633.jpg
0.513821025490196,0.5183208862745098,0.30121238823529406,0.2163063419241119,0.21213233839718934,0.19113999819865962,0.3887345489395912,0.22160835882352942,0.005214710033238438,214.17907790984214,0.44445143333333337,0.23029641906050147,ID1634731537.jpg
0.3509246470588235,0.46492071568627447,0.28134337450980396,0.265719153914714,0.2668079048657471,0.2581429957704482,0.4237381369882596,0.29757340980392155,0.29538326946389576,99143.25282854239,0.3657295790849673,0.2742322812486414,ID1421714468.jpg
0.31758895882352944,0.4589373215686275,0.21562816666666665,0.22950405420345862,0.24419903294149448,0.1949740988108427,0.4625664061713908,0.3846575176470588,0.3274088462570263,94480.7880658542,0.33071814901960783,0.2450703393414809,ID1051144034.jpg
0.4807615333333333,0.5553784333333334,0.4415162745098039,0.19617219479933398,0.1979741241748694,0.21179760513424076,0.37585090097318363,0.1884790588235294,0.13927080609531478,11850.07192862066,0.49255208039215687,0.2075462442458636,ID1148666289.jpg
0.403657662745098,0.5330248784313726,0.23069310196078432,0.264197698314481,0.260540964160917,0.24561654173119968,0.45660098957768985,0.43169899215686275,0.2355120219748459,79092.00336635712,0.3891252143790849,0.2852066753471717,ID50027657.jpg
0.3552780411764706,0.41410679019607843,0.2548888019607843,0.23119419726458,0.23336517551837044,0.2125772081821877,0.40429312312326493,0.21804673725490195,0.15159245521375297,32240.598445023654,0.3414245444444444,0.23527444568593367,ID1988033238.jpg
0.454459431372549,0.5861400215686274,0.24844676862745096,0.21752128890428563,0.21304204218863512,0.1966616711341975,0.4547083007685144,0.4693738431372549,0.19190894877180906,26518.96468951385,0.4296820738562091,0.25120873025501894,ID342818398.jpg
0.4048922333333334,0.5212877568627451,0.3485226725490196,0.2884168500255424,0.2788607164548025,0.2844480488084298,0.40894850854916726,0.28916060784313724,0.29619677163601826,56446.79950030305,0.42490088758169936,0.2929065138558007,ID397994621.jpg
0.4010178607843137,0.5467675274509803,0.2298081137254902,0.23583674799021345,0.23893524375830283,0.20821104297532853,0.4643092220681228,0.46270908039215686,0.2517585498005457,123000.91064411282,0.3925311673202614,0.2622978788533154,ID1374789439.jpg
0.3786583490196079,0.4839493450980393,0.21698102156862745,0.2852303195298597,0.27825452443406806,0.2539682229089074,0.44827195170123846,0.3722593196078431,0.22919525174793454,65484.93585788872,0.35986290522875813,0.29407919553505685,ID1667778338.jpg
0.3800010156862745,0.4850432294117647,0.30123495098039216,0.26622326679913694,0.2618990231367645,0.25370452376073316,0.41588946015997647,0.28885049215686276,0.2663343146698924,154936.4060875726,0.3887597320261438,0.27131760340954186,ID1954669045.jpg
0.40944048039215686,0.5864085137254901,0.21764885686274507,0.20755049327071345,0.21080532073497812,0.17361878344591844,0.48323819314500255,0.5457276901960783,0.26655873712613876,64769.2645013557,0.4044992836601307,0.24878909265668903,ID152157478.jpg
0.413385462745098,0.48725665098039217,0.2855980745098039,0.2790955497743092,0.2788740626500293,0.273920380612886,0.4107571566915855,0.27552976470588236,0.1559301189713593,14210.581008400672,0.39541339607843135,0.28954851472614135,ID1139866256.jpg
0.4324714666666667,0.48811022549019606,0.36197854509803923,0.259088258035559,0.25959097791520086,0.25668671157330775,0.380574890368629,0.18177043921568628,0.13469016685801255,2508.667665518048,0.42752007908496736,0.2635612793532338,ID157479394.jpg
0.5021319490196079,0.5816494941176471,0.29621203137254903,0.19557501493240764,0.19520663751290407,0.18344556662666162,0.4214871306615323,0.3649550078431373,0.11000369939059368,7433.987997827692,0.4599978248366013,0.22613247806692569,ID802547515.jpg
0.4846640215686274,0.4938541784313726,0.29152705098039217,0.2590231546848653,0.2543281642761317,0.2625517324464861,0.3888476998450822,0.2115172843137255,0.019196750977465867,980.0852014515787,0.42334841699346404,0.2749647009560362,ID1370004842.jpg
0.47701793137254905,0.5394430156862745,0.49107579607843144,0.17797686476304772,0.213268258947349,0.19818061211053856,0.3578307557435454,0.11079230392156864,0.11137370001685058,4796.443984006516,0.5025122477124183,0.19881256155533206,ID1982662138.jpg
0.44996311176470594,0.5315811549019608,0.3923974254901961,0.28883013604168034,0.2821090147971831,0.2879862696029371,0.3869022638060012,0.22080177254901961,0.18106095036856965,2163.5660625620935,0.45798056405228754,0.2919628456806148,ID576621307.jpg
0.5611970333333334,0.5081797529411766,0.4174067235294117,0.1834395624839041,0.18096955496240238,0.17956095256937124,0.3417980803339788,0.03775574901960784,-0.08788193173580226,9.91774741062836,0.49559450326797383,0.19080321272273804,ID1746343319.jpg
0.38406515490196075,0.5766115509803922,0.1970536568627451,0.20261869704024515,0.20691316744171137,0.17304523957805315,0.4980534022038196,0.5721042901960783,0.29522617652806454,163412.90240912576,0.3859101209150327,0.24889706944476048,ID936984905.jpg
0.5578991156862746,0.5343649431372549,0.44666560588235293,0.17259203646003415,0.16023795049641054,0.16956615424756893,0.3472315544499341,0.06416516470588235,-0.03608547658314064,1252.351966747294,0.5129765549019608,0.17425033149048072,ID1498398599.jpg
0.34984243137254906,0.40650683725490194,0.24687742941176472,0.22353763378643973,0.22179167945067693,0.20087007623530612,0.40519937716711163,0.21629381372549017,0.1420753848520146,13321.327308543068,0.3344088993464053,0.22554192153533106,ID230058600.jpg
0.40799891764705887,0.4922088098039216,0.29885646862745097,0.26287392925819414,0.26298629302603027,0.2387199033737988,0.41049412309095806,0.27756223333333335,0.20149798339689526,36691.34454229573,0.3996880653594771,0.26711286914451293,ID1472525822.jpg
0.4188111196078431,0.4254785588235294,0.3743195,0.23408017901272055,0.2332651764418945,0.2285598779527857,0.3491509524650944,0.057826498039215676,0.004919667073194892,7192.2444878699325,0.4062030594771242,0.23309001120964135,ID1025234388.jpg
0.5184498509803921,0.49805587254901956,0.34584762549019604,0.25034474770356446,0.2539624424505554,0.24383176681466326,0.3655849411252865,0.13181426862745096,-0.04145839429627954,806.4508077485535,0.45411778300653594,0.26103316716286107,ID1789834546.jpg
0.41428007058823535,0.5123381960784313,0.25308680784313725,0.278912993643281,0.2740472452122413,0.2573589721621621,0.43429345419098564,0.3573095137254902,0.1982313013349655,51492.810351173095,0.3932350248366014,0.2906303340791276,ID13162390.jpg
0.42599289411764707,0.5759381843137255,0.2583419117647059,0.20445644809356872,0.20498882839779842,0.18334431212130164,0.45699478146728423,0.467541562745098,0.2359848336970373,82464.47541184198,0.42009099673202616,0.2365896169036268,ID1049634115.jpg
0.4342718352941176,0.5383396941176471,0.2900708313725491,0.2591156891128055,0.25394950162868324,0.2524138224460932,0.42634609191799994,0.3523367215686274,0.18760520763551208,11309.273778795334,0.42089412026143797,0.27473089043481813,ID2052993274.jpg
0.5177741254901961,0.45331173725490204,0.3288914725490196,0.2506043527330919,0.25405330473474036,0.2411716573719309,0.3487074131682972,0.059957876470588235,-0.12695018860083182,147.1136859072848,0.43332577843137254,0.26073414153829244,ID2096636211.jpg
0.43019773921568627,0.4813543450980392,0.32014903725490196,0.19801479412304052,0.19810757412533728,0.19074849127681884,0.3908045001834273,0.21236191372549018,0.09811703327203085,10486.309076796868,0.4105670405228758,0.20689214474934434,ID332742639.jpg
0.581361311764706,0.565294568627451,0.4656808294117647,0.20819663785944545,0.17114764375499808,0.19222578817154312,0.3506057771209212,0.08354699607843137,-0.005189627733135272,6184.384645481943,0.5374455699346405,0.1978572268986138,ID2052442675.jpg
0.497463668627451,0.48408189411764707,0.31675755294117647,0.24759735926184995,0.25261263478964807,0.2411889707225458,0.3728573740140729,0.15394256666666664,-0.0306769995894461,423.3244077566101,0.4327677052287581,0.26049106463383614,ID1717006117.jpg
0.4572472235294118,0.5697791450980392,0.22181679215686273,0.22890492625456957,0.22718592865852494,0.20801226353802837,0.456245554628128,0.4604942745098039,0.16203607984765614,16595.334154795077,0.41628105359477124,0.26478686609995794,ID706288721.jpg
0.5687987235294117,0.5495472647058824,0.4960454764705882,0.18073101962273203,0.17040134134974042,0.18033176544019416,0.34040520735901536,0.03425032941176471,-0.03189040424092593,5349.232762727876,0.5381304882352941,0.17987208035222374,ID146920896.jpg
0.5121335254901961,0.4880775882352941,0.3441172,0.22467168568403562,0.22615730130326597,0.21394348946787367,0.3630642750148281,0.11990445098039215,-0.0473919799885463,294.4835029285145,0.4481094379084967,0.23374290031500028,ID1574125908.jpg
0.3863131176470588,0.47901999019607844,0.2384591509803922,0.2907147038196238,0.284034916120187,0.2642627778536431,0.43397657668561057,0.3332677117647058,0.21496756359326502,70516.45980848136,0.36793075294117644,0.29691037594511294,ID534966093.jpg
0.4517412509803922,0.5142169803921569,0.32062899411764706,0.2697665860974367,0.2662969652488503,0.24894543811990177,0.39967517647276957,0.2560637156862745,0.12920421957381353,15678.970393150108,0.4288624084967321,0.2739739842887283,ID1573329652.jpg
0.48395436078431375,0.5344629215686275,0.2908446607843137,0.23112973784582008,0.2299374225780848,0.22469493126461546,0.4082169502351663,0.29412682156862746,0.08002426859825074,3702.1550368602097,0.43642064771241834,0.25155787635315613,ID2131261930.jpg
0.4866111588235294,0.5381481509803923,0.21824389607843134,0.23467983242171558,0.23228690639223612,0.20985917784865513,0.4329418814885243,0.37144124705882353,0.07214383406437623,1076.0690537017413,0.41433440196078425,0.2658809042160025,ID1183807388.jpg
0.5073589411764706,0.5197081254901961,0.5097788058823529,0.1811607405173428,0.18000596735261318,0.17517344943041438,0.3381654148874094,0.022278503921568625,0.029449319693235904,5041.845338631429,0.5122819575163399,0.17887868272608043,ID1515990019.jpg
0.36316019215686274,0.5022148490196078,0.24726791176470592,0.3008755036497472,0.28925553919396807,0.27718268662493445,0.45137107387265174,0.394001594117647,0.32397950557315336,159071.68025304042,0.3708809843137255,0.30747003310383514,ID4464212.jpg
0.41497916078431374,0.4972515745098039,0.2113798921568627,0.23440980620503313,0.23892595927575722,0.2087933896133499,0.4425479413739508,0.36814409607843135,0.12837459419563735,654.4173742896061,0.3745368758169934,0.25751564859432746,ID748979397.jpg
0.44527298235294116,0.5333926803921568,0.35871993333333335,0.25281695970756257,0.2560637954102658,0.25546853365923144,0.39883237711538216,0.2627924450980392,0.17424196205359935,6882.69340885559,0.4457951986928104,0.2645782477031952,ID980538882.jpg
0.4464528215686274,0.6151999,0.24053244705882354,0.18245381678842004,0.18519930783990693,0.1621825182929561,0.4724365705409444,0.543414531372549,0.22461177313531688,8295.054383570163,0.43406172287581707,0.23402956170950198,ID574213894.jpg
0.4559446843137255,0.4623140725490196,0.21872747843137255,0.2837450069202456,0.2795191588853304,0.24084765507454894,0.406613601934496,0.24995598235294114,0.014234970372298882,1625.38458869001,0.37899541176470586,0.2916612088975234,ID95050718.jpg
0.5778316000000001,0.5225425901960784,0.41732072941176473,0.16847091182576712,0.167806308794499,0.15974216795172708,0.3443001488652915,0.04993285098039216,-0.08725159883848811,27.177115872118744,0.5058983065359478,0.17828477564549444,ID2030696575.jpg
0.4628558843137255,0.5489721039215686,0.4284119960784314,0.1901120200507324,0.18731823299289893,0.198284328106314,0.3811671013782352,0.2066763274509804,0.1656003027323046,15190.704575298092,0.48007999477124186,0.1985444955377996,ID8209776.jpg
0.5107355294117647,0.47629292156862746,0.29916375882352936,0.261393514515821,0.27321528022712827,0.25419871794621746,0.3703123951731241,0.14268655490196078,-0.07889653258976789,184.62590108299338,0.4287307366013072,0.27890541777888334,ID2006686196.jpg
0.3426894745098039,0.41243485294117643,0.28003099411764704,0.17595487734698825,0.17643875346677979,0.1789153321388394,0.39842798502152466,0.20214923725490197,0.14431861134243296,18816.291156698462,0.3450517738562092,0.1851802817656707,ID7850481.jpg
0.5400410352941176,0.5869421,0.26614926666666666,0.16623235980298837,0.16895598164934797,0.15388305518558312,0.42131106487853504,0.3676938980392157,0.0536725452552362,86.9876954780334,0.46437746732026147,0.21594814199311035,ID755710743.jpg
0.37367572352941175,0.4268722568627451,0.29008894705882354,0.21847343819087858,0.21463752853269713,0.19944606195502212,0.3913972122202502,0.1899798431372549,0.12906366841717623,13562.450501999978,0.3635456424836601,0.21839368749453555,ID1888700589.jpg
0.4896588490196079,0.5420940568627453,0.3043754568627451,0.22763437340416962,0.226705416958857,0.2117880023098976,0.4057200400205588,0.29015380784313727,0.07828349498045731,5806.66398863816,0.4453761209150326,0.24444728017957223,ID354528442.jpg
0.4468499235294117,0.34694261568627455,0.18253075490196077,0.18652011015821132,0.18085233898967495,0.1639937250915393,0.35535627821546695,0.06450455294117648,-0.1789280933665392,0.7562626802860186,0.32544109803921567,0.20818024740154908,ID1337107565.jpg
0.38844737843137256,0.4107093098039216,0.3523862215686275,0.17356266063175163,0.17240357721436936,0.16787815671088094,0.3566600104439485,0.08058501960784313,0.04736228101513016,3064.0466246388805,0.3838476366013071,0.17297648573388286,ID1761544403.jpg
0.4273623333333334,0.47989315882352945,0.2824356431372549,0.2733755896392279,0.27495780845365736,0.2592912473671865,0.4033762550236426,0.24998834117647056,0.10606420986728221,10839.2930770464,0.39656371176470584,0.28194888915531846,ID2056023629.jpg
0.5204993352941177,0.42541731568627456,0.23828110784313722,0.27542042524050053,0.27879061082576606,0.24899968032877526,0.35924515894749226,0.0920541882352941,-0.16745141311790043,409.8067941168853,0.3947325862745098,0.2925846595485887,ID2086966681.jpg
0.4417861078431372,0.44356339019607843,0.3379463137254902,0.2734835614664951,0.2654443492874723,0.2697096949512463,0.36259699600396034,0.10739435882352942,0.006535229537580597,4204.790709036609,0.4077652705882353,0.2740504150602744,ID1953171547.jpg
0.22490155294117645,0.29053211176470584,0.16185424901960785,0.2138494522963076,0.2256804994399513,0.18178883988017325,0.42896396286915145,0.19430842156862746,0.2609552673921258,37891.475723611664,0.22576263790849674,0.21446877531953257,ID2010625680.jpg
0.4970719470588235,0.5088896509803921,0.3549144725490196,0.20105164917771026,0.19514789920399372,0.18222286985840777,0.373942681658734,0.16579288235294118,0.018633166978862244,667.7295873800081,0.4536253568627451,0.20526018414541486,ID1131079710.jpg
0.4170809764705882,0.5048897980392157,0.2840170294117647,0.27906888809537356,0.2658991624662278,0.26941689782884815,0.41865248737252264,0.30868159019607844,0.1917681590116838,21835.995198009783,0.4019959346405229,0.2862987958001509,ID750820644.jpg
0.45324964117647054,0.5850715,0.25407803529411765,0.1943041307395669,0.19591533560867078,0.17207395723935764,0.4527018479466636,0.46281532352941174,0.1913879750831704,30913.680772609252,0.4307997254901961,0.23186252796259285,ID94564238.jpg
0.40507050980392156,0.5506453,0.2515125274509804,0.22473166955751567,0.22624603346671288,0.1987506878403093,0.4561235670551507,0.44470756274509804,0.25407198832846417,149104.65325516864,0.40240944575163395,0.2489606773353259,ID112966473.jpg
0.5487176647058823,0.562594968627451,0.2805263254901961,0.1806812122403418,0.18493853448244732,0.17772634176243346,0.40420981250653726,0.29594594705882354,0.011587651321514235,58.87814685907607,0.4639463196078431,0.22285663978939046,ID257822026.jpg
0.4240051490196078,0.4552372843137255,0.35963675490196073,0.2930847095447848,0.285365509481798,0.2779400966509783,0.367458978213681,0.12683266470588234,0.11612304492142111,30941.692009258437,0.4129597294117647,0.2882912594642711,ID1970522802.jpg
0.41901830784313726,0.5699622176470588,0.2279543901960784,0.21211886430545174,0.2130214107617548,0.19175642324514292,0.46835882972594955,0.4929517372549019,0.22705385269805858,66605.0008324781,0.4056449718954248,0.24892837395748912,ID668330410.jpg
0.31828744901960787,0.4452037941176471,0.16337530980392156,0.19561508657490165,0.20401477457990336,0.18097105676534259,0.48033213400740826,0.4087448294117647,0.24358436001386521,24543.621789454988,0.3089555176470588,0.22544924663832047,ID380752847.jpg
0.4808071058823529,0.5796455725490196,0.2665953803921569,0.1759408483320836,0.18214665924002227,0.16069407082788065,0.43679320001037636,0.4118886588235294,0.1299140558534881,494.9802022089958,0.44234935294117644,0.21692846864807852,ID6269659.jpg
0.4070233411764706,0.48150675490196077,0.28349759999999996,0.28481635384248494,0.2720822756066207,0.2713822818835919,0.41083222896928573,0.27249256862745097,0.1805602454720647,41985.24679376094,0.39067589869281044,0.28798271595235203,ID1781353117.jpg
0.38641945098039215,0.4710384274509804,0.23855096470588236,0.26284609483992966,0.2705606361369474,0.22997103762264545,0.4297761154963878,0.31710643921568626,0.16271313544177182,12449.666699892025,0.36533628104575167,0.27256177635735673,ID839432753.jpg
0.4529297666666667,0.5210462725490196,0.32719759803921566,0.2633499521579098,0.2533710052463144,0.23936879299037234,0.40044330258937827,0.2619651803921568,0.1511207818952463,32478.089095938485,0.43372454575163405,0.2646944135721831,ID1070112260.jpg
0.39460474509803917,0.44260078627450977,0.30111129411764703,0.2746458245604604,0.27154360964672664,0.2564158993612186,0.38882038152753107,0.18948553333333332,0.12302183214666744,11094.218483722154,0.3794389418300653,0.2740255553242188,ID605134229.jpg
0.38191705490196076,0.4523748647058824,0.25087199215686273,0.2734271759309333,0.27958159981609926,0.24088780808685173,0.41687237811060407,0.27196068235294113,0.16324793310653032,52880.33970589521,0.36172130392156865,0.27801003215557357,ID1948354837.jpg
0.5135772078431373,0.5261947764705883,0.46369200980392156,0.19935816061888836,0.1996203828415953,0.193823977837207,0.34998827709174285,0.07512033529411764,0.016433384315952506,2139.870095071222,0.5011546647058823,0.19945298955167273,ID799079114.jpg
0.4297240196078431,0.5479390960784314,0.22805219411764707,0.22485414637325182,0.2377660696129412,0.18892633312865112,0.45445146717347806,0.43810197843137255,0.1817191166357687,52444.49852471888,0.4019051032679739,0.25502281174592273,ID566966892.jpg
0.45965118627450974,0.5239500803921568,0.3018493058823529,0.27574818771331555,0.2705114795950303,0.27445561221131815,0.40760032902484333,0.2863996686274509,0.12309453367306458,14201.305331275122,0.4284835241830065,0.2890564641804218,ID544444725.jpg
0.37729186470588233,0.43620550392156865,0.2643317627450981,0.2785020831354817,0.28083539824794884,0.2586357989033031,0.40470746909485844,0.23078738039215685,0.14438956442948314,5096.065274333738,0.359276377124183,0.28200563578082644,ID554314721.jpg
0.47590693529411765,0.46389749215686277,0.30847615098039216,0.26694710214607925,0.2714014920388531,0.26026017810763435,0.37162918053529176,0.14341189803921572,-0.03168679800647555,468.23712675016867,0.4160935261437909,0.2769471959607376,ID1510574031.jpg
0.47455974705882353,0.495772305882353,0.3410833960784314,0.2513355830794907,0.26042659609616564,0.2446933131417881,0.3780436645553836,0.17590146862745099,0.027415763260176827,2752.436770946254,0.43713848300653596,0.26136262209525263,ID1103883611.jpg
0.4203519352941177,0.4702104764705882,0.26802837843137256,0.25904150562479067,0.26129294868740255,0.2574504101456602,0.40584689295911064,0.25204063921568626,0.08743973483797611,6960.246258789768,0.38619693006535943,0.2731579929340765,ID684062938.jpg
0.40471545882352944,0.4713129274509804,0.22577702745098038,0.25327282523417566,0.265079151280765,0.2378125040566685,0.4277642107236585,0.312133368627451,0.10897304463274343,6873.414553943083,0.3672684712418301,0.27277354584853947,ID2145635095.jpg
0.4650828784313726,0.5812490098039215,0.2505485549019608,0.21779152115257433,0.21921093366564084,0.19503081728571392,0.4481901229969461,0.44686658627450976,0.17207024759271825,21078.704399990205,0.43229348104575166,0.25154039577716464,ID1343327476.jpg
0.2781141705882353,0.39781043529411764,0.23676349411764705,0.2582121983768494,0.25876184002089064,0.22921638577039877,0.43586678837540416,0.2807432058823529,0.374242570638882,29208.70617667542,0.30422936666666667,0.2583037259879139,ID1385921939.jpg
0.26090287058823525,0.1925524882352941,0.2158464843137255,0.1621966820743013,0.093830352268376,0.10012825182052358,0.287691551028482,-0.09164437843137255,-0.2251058291653032,0.8230742523822334,0.22310061437908493,0.12589994239310046,ID1444674500.jpg
0.5230540019607842,0.5789638784313725,0.26488534901960775,0.20884815549937571,0.20789849689478465,0.19182172830601962,0.42355878729245305,0.369988405882353,0.07583170978295363,3294.501110516766,0.4556344098039215,0.24479629350784401,ID386216505.jpg
0.46740811568627455,0.5129321549019608,0.4234186686274509,0.19776093891752353,0.18984052859623063,0.19476853937360927,0.36539902751006376,0.13503752549019607,0.0976571931573866,3402.1382889565343,0.4679196464052288,0.19756039059571043,ID415656958.jpg
0.3565210607843137,0.41435174509803924,0.33838258627450984,0.16926917324077417,0.168771769046307,0.16429387156172512,0.3735404346847117,0.1337998431372549,0.1495445731200855,10494.003456738166,0.36975179738562086,0.1705644300570637,ID681680726.jpg
0.3963081745098039,0.5125936078431372,0.2297674725490196,0.252018409595776,0.2562353257087523,0.23128518026443926,0.45016900310141555,0.39911156862745095,0.2111275949644875,40200.61473855465,0.37955641830065356,0.27268962755793036,ID423506847.jpg
0.530884737254902,0.4781290549019608,0.32749600392156863,0.22797436029608262,0.2320806266247989,0.22248495853280317,0.3577445168957499,0.09787736862745099,-0.09247012470369043,0.878193502977368,0.44550326535947715,0.24331970369501185,ID968643034.jpg
0.4914498039215686,0.5191637235294118,0.353936468627451,0.2688102711768955,0.27095166322339775,0.2613839416875989,0.3804651505747539,0.19294117450980391,0.05320934911264625,3414.453726371148,0.45484999869281045,0.27667952108366645,ID443091455.jpg
0.45172733333333337,0.44351147647058825,0.33620464509803916,0.29691420100012345,0.3000777841050361,0.2723925188244734,0.3601557758121666,0.09909097450980392,-0.0411154748548912,1311.5805539677904,0.4104811516339869,0.29479464766016533,ID1163061745.jpg
0.4283447607843137,0.465997105882353,0.33023653725490193,0.268363792985852,0.2641138433292444,0.2607417813394968,0.38053676317064256,0.1734129137254902,0.09778121648234546,14682.20533152378,0.4081928013071895,0.2705464484847705,ID1011485656.jpg
0.5018531117647058,0.6041822568627452,0.27457882549019613,0.20344555931220032,0.19432779069048944,0.1827295200261925,0.43761845638034635,0.4319325764705882,0.14039048884451177,13046.826080459887,0.460204731372549,0.23767243263065335,ID227847873.jpg
0.4578657529411765,0.43934703725490193,0.3276462431372548,0.28056443442557,0.2794984367429773,0.27337116380275606,0.35869191614021334,0.09318207843137255,-0.049637041445480326,3392.9290889771996,0.4082863444444445,0.28372127257149554,ID1997244125.jpg
0.4489050470588235,0.5278856372549019,0.2594441254901961,0.2488545116328516,0.24593658622740894,0.22895557455966287,0.4270108144491752,0.34742210196078427,0.13759535293063282,18049.405358674787,0.4120782699346405,0.2663949245114941,ID1496750796.jpg
0.566624643137255,0.4896845117647059,0.3680615196078431,0.24986277833942733,0.2501830925214375,0.24626835868433994,0.34379008013158485,0.04468286078431373,-0.13208341061053225,50.44180825981066,0.4747902248366013,0.2618635197704394,ID325799913.jpg
0.44735325294117645,0.47356090588235294,0.2769690470588235,0.26289460559253186,0.2507997171679718,0.23740531099523357,0.3953314476766678,0.2227995117647059,0.05571816763818122,3507.6518297985926,0.39929440196078425,0.26530737688205464,ID1053972079.jpg
0.42543946666666665,0.47279532156862747,0.40654381960784314,0.2726164478775311,0.2586635269039979,0.26027848661996916,0.36235673630993526,0.1136073568627451,0.11801147550397788,16824.663122550788,0.43492620261437914,0.26539346035361766,ID1357758282.jpg
0.5021492960784314,0.5300685450980392,0.4629072254901961,0.1882032135541558,0.1996248747225409,0.18827099948525566,0.35453123846990114,0.09508056862745097,0.040874615976732726,658.5193728365512,0.49837502222222224,0.19407318086031738,ID344618040.jpg
0.4901381235294117,0.5257925549019608,0.44503256862745094,0.20915140527443937,0.20749952302289312,0.21234856419282772,0.35989444112405256,0.11641441764705884,0.06852476065396752,4903.869645521157,0.4869877490196079,0.2122641829408296,ID2014192906.jpg
0.45497480980392163,0.5185488862745098,0.2589122588235294,0.2443592094196556,0.24998210743011076,0.22879887002111535,0.42075117981140703,0.32321070392156864,0.09738617341933434,5865.552272373406,0.41081198496732024,0.2653190042129913,ID1876271942.jpg
0.5443715294117647,0.621380431372549,0.39672412941176466,0.15739778701154192,0.14168253409800968,0.1561868051866458,0.397689559088021,0.3016652039215686,0.11224393241606542,8876.50641728608,0.5208253633986928,0.17824064430351447,ID2091439402.jpg
0.39277916274509805,0.4107599941176471,0.34088562941176476,0.2177857394634558,0.21204405443085536,0.21012195024200012,0.358922661807757,0.08785519607843137,0.03936610627971781,7433.280907865659,0.38147492875817,0.21538913256955308,ID473494649.jpg
0.40739734313725495,0.5686443764705882,0.21573694901960785,0.22348972712487203,0.23061644233146095,0.1975638324236525,0.4771392429385339,0.5141544607843137,0.2530961811102885,58755.31480406807,0.3972595562091503,0.26114431370835606,ID1675365449.jpg
0.34817452352941175,0.48344206274509804,0.2656069862745098,0.3135519668586536,0.29573531091464667,0.2930714329002324,0.4406048780158257,0.3531026156862745,0.3574443702354728,158576.02979748978,0.36574119084967316,0.3140350388075047,ID1474775613.jpg
0.4024456156862745,0.452747968627451,0.3096404,0.24472330079185078,0.23817163292614482,0.22400365626570562,0.3886802504370525,0.19340992156862746,0.13217795404615987,39945.07180547813,0.3882779947712418,0.24312810685205152,ID1249094008.jpg
0.33121190392156863,0.27468658431372545,0.3056684392156863,0.1405302367805317,0.11354785517727588,0.11547515049076239,0.30133451864964855,-0.08750717450980391,-0.17778401993623363,0.847229855521234,0.30385564248366015,0.12593498120351368,ID1963715583.jpg
0.4541236058823529,0.5081238392156863,0.31209944313725485,0.26903577705341464,0.26762991824585086,0.24587414937723218,0.3987327468833897,0.25002462941176473,0.11040186087160586,14115.995188058589,0.4247822960784313,0.2738395335638887,ID1624268863.jpg
0.4514019392156863,0.5227527568627451,0.34343400588235296,0.2109728946635053,0.21620349458532806,0.2018801422789855,0.39674957148411266,0.250669568627451,0.12545597506499948,9777.536761035202,0.43919623398692814,0.22234371386584542,ID135365668.jpg
0.42725942156862745,0.5551248000000001,0.22565130588235294,0.2099503198012523,0.21238878462122246,0.18790751740436587,0.4595268787964161,0.45733887254901956,0.19636234206980546,35877.63158654799,0.40267850915032677,0.24473120715090674,ID1665142816.jpg
0.4448360294117647,0.4396002725490196,0.24051586862745097,0.2839367125765644,0.2922826341960244,0.26122663197917617,0.39077240804951685,0.19384864705882351,-0.023189141420333792,2047.0928735246644,0.3749840568627451,0.29519755831331224,ID1638922597.jpg
0.4487101137254902,0.4938701294117647,0.30261090588235295,0.2670484484315538,0.2642282060475677,0.24006727000529998,0.39662193698886344,0.23641923921568628,0.08198626245325216,5899.260927852093,0.41506371633986927,0.2700320216731695,ID1579942839.jpg
0.4805976058823529,0.5316171392156863,0.3991383960784313,0.23284278516680218,0.2269632596458664,0.22553093217564904,0.3766719468990046,0.18349827647058822,0.10788408308027278,19142.016354681342,0.4704510470588235,0.23489148053010933,ID828217731.jpg
0.4393643058823529,0.4651051156862745,0.30615959803921566,0.27854633621456215,0.2735606994220161,0.26548979428716646,0.3841846712009997,0.18468632745098038,0.05779517872814118,8882.138678619282,0.40354300653594777,0.28134494579774216,ID1176292407.jpg
0.3538936352941176,0.4610154568627451,0.25451896470588237,0.28311314268528054,0.2740019238714728,0.2666042419074509,0.43108598993027347,0.31361831372549026,0.28489600055739783,99034.32265935626,0.3564760189542483,0.2873083891013556,ID1127246618.jpg
0.3891325823529412,0.502476968627451,0.24458807647058822,0.2896162456643541,0.284296719500403,0.2622231378078987,0.4422443350214497,0.3712332784313726,0.24985872257513134,118924.70838262775,0.3787325424836602,0.298260931661131,ID1509266870.jpg
0.4208330019607843,0.48780224117647064,0.23932622156862746,0.2636006769319365,0.2582423620616675,0.239185747661137,0.42492910426410413,0.31544525882352936,0.13203059534386336,16236.259132025254,0.38265382156862743,0.2747367814288102,ID1140993511.jpg
0.42850096862745096,0.43430959999999996,0.23024423529411764,0.19194977250331716,0.19024400119496457,0.17752899488430202,0.3973356088537053,0.20987399607843138,0.004843497131565899,904.3662091939156,0.3643516013071896,0.20940239389512924,ID1035947949.jpg
0.49235990196078433,0.5919004372549018,0.40513588039215687,0.18041414594665386,0.1712610909967959,0.17770859197857836,0.39740965197068395,0.28630509215686273,0.17052583906538857,7058.358977860399,0.4964654065359477,0.192289496689996,ID742198710.jpg
0.4381260764705882,0.49705179607843136,0.42352053333333334,0.20997242273659517,0.25429120122753246,0.2202795399200968,0.3658293777840616,0.13245698235294118,0.08512152604256233,3859.7726711603545,0.452899468627451,0.23116106362822825,ID1457700382.jpg
0.3575404901960784,0.4689904392156863,0.21018226666666667,0.2954230148468163,0.2909309227616301,0.2545364104946882,0.4523820440078444,0.3702581215686274,0.28179961669069914,99760.66474041349,0.3455710653594771,0.3002277355459221,ID2125100696.jpg
0.44828916470588237,0.4750488411764706,0.43322746078431373,0.2758704658474185,0.2910197635686447,0.2679039899619338,0.3501849703147052,0.0685810568627451,0.06050111062882267,4823.44743372756,0.4521884888888889,0.2789664768238438,ID1962197151.jpg
0.529566231372549,0.4880528470588235,0.4074970196078432,0.22749146426417688,0.22646242098905026,0.22217716139279087,0.34246532216264414,0.0390424431372549,-0.08203516087524747,920.324788789614,0.47503869934640525,0.2310157164706106,ID1237349078.jpg
0.45880939607843135,0.5692487529411765,0.43019995294117647,0.21033970798877719,0.23194033729851646,0.20998309471596824,0.39036213704017086,0.2494881568627451,0.19564047709947316,7921.896781600947,0.4860860339869281,0.22576929208342733,ID1415329644.jpg
0.36651229019607845,0.4450824862745098,0.34636340196078436,0.2770681982321946,0.27635304110135017,0.2623518686394573,0.38436835692439,0.17728928039215686,0.3126815196537733,88685.75430842885,0.3859860594771242,0.27532275793760164,ID2037861084.jpg
0.4527125294117647,0.5574055470588235,0.25713657843137255,0.19825671824367036,0.2079140035282565,0.18257409402654978,0.43985282713632495,0.4049619862745098,0.15204664223367378,12381.56075215186,0.4224182183006536,0.23261169624530573,ID2002797732.jpg
0.5119836843137255,0.5402378666666667,0.31832135686274515,0.2081711774541539,0.20964440226486958,0.20320943155527837,0.3941780002897352,0.2501706921568628,0.03963668841239492,445.7864169442117,0.4568476359477124,0.22932039595477813,ID572336285.jpg
0.5413396470588236,0.5169227196078432,0.42319303137254904,0.2031804091344022,0.19200383959095177,0.19640611619977835,0.34892897673647677,0.06931276078431373,-0.04029834574151213,1756.8641439297046,0.4938184660130719,0.20371805414566574,ID1403078396.jpg
0.41704870588235293,0.4199081137254902,0.30532267058823526,0.2940586459603437,0.2972249652054485,0.28476538575746607,0.3676054010016031,0.11744485098039216,-0.008725416027665666,3615.5435930805234,0.38075983006535946,0.29689769718573744,ID1488408526.jpg
0.48393711960784314,0.5276536686274509,0.4736035137254902,0.20306680886815445,0.17494762147360246,0.20083125553984338,0.35527584800054324,0.09776670392156864,0.11803050674936116,20313.79112973786,0.4950647673202614,0.19478401608170767,ID1853508321.jpg
0.4526706784313725,0.5841198333333333,0.24995451176470587,0.1855787780515489,0.1919676256642736,0.16712264859215906,0.45395149630471204,0.46561447647058823,0.18455809955602076,16778.511771126563,0.42891500784313724,0.2279625413205133,ID72895391.jpg
0.592189705882353,0.547528094117647,0.462134362745098,0.17258389165708937,0.16755723627563557,0.177983306948121,0.3418093775653135,0.04073211960784314,-0.06828338370688414,0.922981970172031,0.5339507209150327,0.18099023765010397,ID846984946.jpg
0.436938031372549,0.6155254235294118,0.2327942,0.20202949419572272,0.20285808387414714,0.16706782621073346,0.4789120814746232,0.5613186156862744,0.2565792547630301,106047.13819324954,0.4284192183006536,0.24713655285370814,ID1946311744.jpg
0.5272027117647058,0.555749205882353,0.2643712098039216,0.19099633794339266,0.19343155459390354,0.18748896886492883,0.41248397688306815,0.31992449019607844,0.031388209647127026,472.8356565975965,0.4491077091503268,0.2314060596410461,ID896386823.jpg
0.437219868627451,0.4483966490196078,0.2597541764705882,0.2910421537750351,0.2904458620354493,0.27409812008181317,0.39148604675115795,0.19981925294117647,0.019630157386595896,3694.2125019386344,0.38179023137254897,0.2981027628933404,ID407646960.jpg
0.4882456450980392,0.490335831372549,0.4715758490196078,0.23288302657809648,0.24771075876464152,0.2301726622475372,0.3381259532137601,0.02085016862745098,-0.024257309797376676,4024.536906403194,0.48338577516339865,0.2371961034634011,ID786365141.jpg
0.4671514274509804,0.5071538313725491,0.4604899509803922,0.18125761113098252,0.23161469372458757,0.20564085184621467,0.3534677453426814,0.08666628431372549,0.04436304148935323,2622.6391344685944,0.4782650699346405,0.20821613476592898,ID193102215.jpg
0.40117430784313723,0.5262258823529412,0.21188087647058823,0.24822704595830802,0.24772321121971763,0.21916171474043997,0.46189293680939947,0.43939658039215684,0.22241212266661206,81421.20169542004,0.37976035555555554,0.27148329618389494,ID1920959057.jpg
0.4091170921568627,0.49787734509803927,0.29555753725490197,0.22353632061751594,0.2210670704688139,0.20535271919461293,0.41401731610046694,0.2910800607843137,0.18380783064471015,49010.10827719598,0.4008506581699346,0.23207615760107303,ID2048645043.jpg
0.43523559411764706,0.4648191980392156,0.3556824176470588,0.2897981694032115,0.2850503857212746,0.2800412363613385,0.3701564234209729,0.1387203843137255,0.08714291853385787,15799.83725197551,0.41857906993464045,0.2886932475633716,ID1251029854.jpg
0.2693695882352941,0.3534505960784313,0.24696670784313726,0.13544046868904364,0.13436766350608512,0.13142552796214677,0.4063645879260296,0.19056489607843136,0.25705877542459465,27650.538167503535,0.2899289640522876,0.14139177260688499,ID980878870.jpg
0.4637872450980392,0.5155729803921568,0.3028873980392157,0.23966884534484467,0.23654741539243504,0.2256420573092651,0.4020853436656632,0.2644713176470589,0.09195661962184432,11228.276117972537,0.4274158745098039,0.2509396119604841,ID753699705.jpg
0.4679131019607843,0.46171703725490193,0.2916161156862745,0.25911313616509996,0.2660708942534677,0.250706953258786,0.37807037820661643,0.16390485686274509,-0.020044937226906506,377.0718811397736,0.40708208496732035,0.2712963295097531,ID1976436386.jpg
0.46409205098039213,0.6061463588235294,0.2227726705882353,0.17026616801570968,0.17002120399754753,0.15877188160305505,0.4687866665085537,0.5254279960784314,0.18032619439956848,7920.239938337557,0.43100369346405226,0.2296636959320911,ID1703304524.jpg
0.4601773333333333,0.4746923176470588,0.29512989411764706,0.25997016805024437,0.2617442409841247,0.267372130735409,0.38592885312809944,0.19407740784313723,0.01584375002499279,2311.2577577501315,0.4099998483660131,0.27536666115488445,ID1244346858.jpg
0.47843326470588243,0.5905623254901962,0.26825255490196076,0.17039212524051214,0.17799201999260117,0.1608977994007614,0.4416250815069545,0.4344388313725491,0.1453748529131791,1039.1286152569903,0.4457493816993463,0.21613798509126092,ID1784585001.jpg
0.43020691960784313,0.4911344039215686,0.28445227254901956,0.27224910835857347,0.262480624178089,0.2707079998334022,0.4073121647400929,0.2676096156862745,0.12247386929604447,11850.530652122337,0.4019311986928104,0.2821680956150109,ID1028611175.jpg
0.4509607509803922,0.5590281392156863,0.27713188039215686,0.2041167963446862,0.19410066539772222,0.18653885878719084,0.43432453864990145,0.3899636470588235,0.173554112615014,18747.69886501983,0.42904025686274516,0.22700146340084681,ID1618145129.jpg
0.45815400588235294,0.543423968627451,0.33892147254901955,0.1870047960485612,0.17568138340685707,0.19115698379616397,0.4053891747332537,0.2897724588235294,0.1525068738032449,16221.320217027283,0.4468331490196078,0.20287813487105386,ID853954911.jpg
0.5639559274509804,0.5755663784313726,0.2796102372549019,0.17044584926903603,0.16910213177416383,0.16402953109591628,0.40557619311809645,0.3075665921568627,0.011830165505712052,49.270981674302426,0.47304418104575163,0.21659904799487786,ID1199150612.jpg
0.39611471372549023,0.552348874509804,0.26172919607843137,0.20413042153243488,0.20210082290622047,0.19956093210100592,0.45641395082262837,0.44685383921568633,0.25725113879377615,20963.409566718903,0.40339759477124176,0.23427049644635892,ID808093827.jpg
0.5354087352941176,0.49074989607843134,0.4228213176470588,0.2522699134481059,0.2359382029434775,0.21670749407339962,0.3386864621719661,0.023269739215686275,-0.05946856709905639,305.6372615780826,0.4829933163398692,0.2399286650423153,ID1456861072.jpg
0.44187551372549017,0.4516431549019608,0.2515779921568627,0.2863664661012523,0.2841073646491568,0.25848375371129045,0.39441487031188016,0.2098328039215686,0.01647669422394297,1614.593965775252,0.38169888692810455,0.29153700324262255,ID12390962.jpg
0.41092172352941175,0.4378904980392157,0.2927625980392157,0.290869345400225,0.29500564150624065,0.28075712099500794,0.3835845769213754,0.17209667450980393,0.05009134493743503,4909.9537066999865,0.38052493986928104,0.29573347571081393,ID698608346.jpg
0.49978239803921565,0.5884924274509803,0.34209687450980397,0.1405817184491374,0.12856652626405274,0.14964804216708358,0.41142622112610183,0.33510558235294113,0.12732797734749662,2442.204985563798,0.47679056666666664,0.17304664928042646,ID383231615.jpg
0.5857589235294118,0.5047863784313725,0.3527529549019608,0.20119526011921424,0.19536043310889534,0.19347719814692207,0.349745018074893,0.07106087843137254,-0.11634514075087758,1.830462241356345,0.4810994189542483,0.21913934418053999,ID1545077474.jpg
0.44426930392156866,0.5803609705882353,0.3256769411764706,0.27622211130561053,0.27224788750897355,0.2612849784117837,0.42979920387619575,0.3907756960784314,0.25612457877896666,58542.73405249052,0.4501024052287582,0.28935008899017717,ID710341728.jpg
0.5209136705882352,0.4621685901960784,0.30507439607843134,0.24789551526218045,0.25158676858182083,0.24368129727434898,0.3587829043509684,0.0983491137254902,-0.1088596667122891,32.23049920049107,0.4293855522875817,0.26396593898082027,ID914754166.jpg
0.4220107941176471,0.4614540901960784,0.3447524980392157,0.2897502657982584,0.28946017738313357,0.2785181602685416,0.3757104345445344,0.15614488823529413,0.10875718564788456,9000.230627644978,0.40940579411764705,0.2900360530828785,ID1136169672.jpg
0.5179860960784314,0.507756537254902,0.47868576078431374,0.22156908988740323,0.23196864489825783,0.21148741969479706,0.3375079437912521,0.018841217647058824,-0.04792437186672019,415.47572641448727,0.501476131372549,0.22245648707317656,ID797502182.jpg
0.42373558039215686,0.44539714901960786,0.30593026470588236,0.2866343088703828,0.2786573963411558,0.27566763625481866,0.37904107903903916,0.16112845294117648,0.05805214814791157,14288.478027888446,0.3916876647058823,0.2869773083337159,ID1880764911.jpg
0.3690807941176471,0.4315376137254902,0.17465050196078433,0.30092507585341827,0.2966014012629602,0.2445667880441081,0.4424806378657602,0.319343931372549,0.1269574476474681,3726.8372311402404,0.3250896366013072,0.30234612247532694,ID668475812.jpg
0.41219641764705883,0.4141408274509804,0.4165323823529412,0.18429842800358015,0.18406554592277438,0.18499383869957456,0.3332134078843119,-0.0004471450980392169,-0.01025749222554166,2069.8457016250686,0.4142898758169934,0.184461549503171,ID661372352.jpg
0.47165638431372553,0.41081851764705885,0.24834571372549016,0.28833842157307055,0.2947895599030974,0.2618346278055732,0.36329238105092093,0.10163493725490194,-0.13994255488612645,376.5270089190912,0.3769402052287582,0.29735093754627506,ID587125778.jpg
0.3618318058823529,0.5037451078431372,0.202646631372549,0.2830970172234184,0.27954300706427787,0.2470353327499607,0.4715727390947719,0.4430117784313725,0.29828516135521305,163681.2618422523,0.3560745150326798,0.29703789626329136,ID667059550.jpg
0.39087458627450977,0.5138732549019608,0.22245010784313726,0.2698946392247157,0.26812486421434184,0.23790771475372258,0.45588554414071814,0.4144218156862745,0.2446186384325745,107736.85725026103,0.37573264967320263,0.2852728416320235,ID2099742797.jpg
0.3518668764705883,0.4960424352941177,0.2772304078431373,0.2784298231609787,0.27695542263061995,0.26849398042097494,0.44087185106067545,0.3629875862745098,0.33969960831781343,115488.37484119556,0.37504657320261436,0.2892875093868529,ID1168534540.jpg
0.44839329019607843,0.4973560117647059,0.3049336529411764,0.27235320830028203,0.2729308985116041,0.2577469712844273,0.39766753503650143,0.24138508039215684,0.0979547364622473,9168.873717098126,0.41689431830065354,0.279941962183481,ID1357768767.jpg
0.42505682941176476,0.5231491607843137,0.23623504901960782,0.24974468832844599,0.2459688995191946,0.22856738303822827,0.4416844224798971,0.3850064431372549,0.1703656418211721,11362.621795959894,0.3948136797385621,0.2693498241977021,ID686797154.jpg
0.4546007411764706,0.47019103137254903,0.38441680588235294,0.2832143794549126,0.27663252626151996,0.27397737134443084,0.3591414198832198,0.10136451568627451,0.055357016662615874,9169.565918650662,0.43640285947712415,0.28046086628464617,ID1119761112.jpg
0.405899768627451,0.5157346529411765,0.22364593529411764,0.27733170287975384,0.27280570874194615,0.24930693454879346,0.4503130131828971,0.4019236019607843,0.21380094285162865,57426.2156529896,0.38176011895424844,0.29270108146729096,ID600602588.jpg
0.39093103333333334,0.4864226215686274,0.294700662745098,0.24516442574443012,0.23281166899151448,0.20825611297016372,0.4150171285533653,0.2872135470588235,0.21655934134841093,2370.611590605599,0.3906847725490197,0.24225071253612354,ID40849327.jpg
0.5784784764705883,0.5775345745098039,0.49087487647058825,0.2406068739036492,0.2478167079125157,0.2407982390793544,0.3506823757563615,0.08571579607843136,-0.013966656400929539,236.09167149021064,0.5489626424836602,0.24654297039261497,ID552040066.jpg
0.45391487450980395,0.46663210980392156,0.2970899568627451,0.2703841865362899,0.25743113369281134,0.2389173231408034,0.38322761916272785,0.1822593882352941,0.03738398598545107,6350.949799478651,0.4058789803921568,0.26726598843194377,ID249042826.jpg
0.4678847117647058,0.5708619980392158,0.23854457843137253,0.23552313326036503,0.23612808218793088,0.21956808656827445,0.4469317209221725,0.435294705882353,0.14601975472272194,13307.64449358463,0.42576376274509803,0.26914460632694553,ID1512751450.jpg
0.42417594705882355,0.5112333686274511,0.3793574470588235,0.23208882192304134,0.23361153256191622,0.23146053756155935,0.38883958678089214,0.21893334313725488,0.2007503147446725,39371.43196414037,0.4382555875816993,0.2387512887340478,ID743847993.jpg
0.30934507843137254,0.365112631372549,0.23392089019607842,0.2166607810337136,0.2207186162816925,0.2018727104691037,0.4019388252356019,0.18695929411764706,0.15574743992898352,15542.150546061153,0.3027928666666666,0.21991000169657113,ID610397481.jpg
0.41733627843137255,0.5458757803921569,0.197414131372549,0.2389037369932554,0.23369237143927554,0.21642627788737043,0.4703286728319037,0.47700115098039214,0.202278006905487,7523.482878470761,0.38687539673202614,0.27118997779417825,ID1782608354.jpg
0.5049887843137255,0.4604460117647059,0.32648434705882357,0.2539172896246438,0.25933313470502684,0.2519020804411344,0.3564046640585625,0.08941889215686274,-0.08997266102221664,55.98491691949645,0.43063971437908494,0.2661120459270476,ID684383343.jpg
0.5237061000000001,0.5344676313725492,0.32566724901960786,0.20436495880173514,0.2025242244661153,0.1978834030465305,0.3862204076070114,0.2195619137254902,0.012172228107277952,302.8015226378824,0.46128032679738556,0.22329592074061388,ID1953218650.jpg
0.3992924529411765,0.5174513235294118,0.23762412352941176,0.2748830092066032,0.2708614267460782,0.25437613927136393,0.448255117841427,0.39798607058823526,0.2290425406532145,72400.41446044818,0.38478929999999995,0.29045994823025983,ID661817669.jpg
0.3949950568627451,0.5036229980392157,0.16921309607843135,0.20545394593580876,0.20626683014801508,0.15859264996540245,0.4716316740343406,0.44303784313725486,0.182906706307221,45228.2232926686,0.355943716993464,0.2367216788594029,ID1108283583.jpg
0.4576290568627451,0.46423746470588234,0.34770512745098037,0.25505326022944447,0.2522069284769138,0.25534497898486047,0.36566464083199296,0.12314074509803921,0.013061999701053153,3140.275222736209,0.4231905496732026,0.25976301224861226,ID1413758094.jpg
0.5104362764705882,0.5597549725490196,0.2874946,0.22720239579451487,0.22833261742113836,0.2103836913845695,0.41228607400626655,0.32157906862745095,0.06889078124959089,5146.460795039528,0.4525619496732027,0.2517306908963059,ID363069566.jpg
0.3030381980392157,0.4507770019607843,0.219993037254902,0.3078523386200152,0.28646056729996605,0.27597538341005906,0.46290119562192394,0.378522768627451,0.3954473317784771,40687.38163667421,0.32460274575163395,0.30568136734171675,ID1149598723.jpg
0.544992031372549,0.49887726862745096,0.44251413137254897,0.12313883483880732,0.10649955597079977,0.12235417586118405,0.335631610755015,0.01024837450980392,-0.07398973390821012,0.9233543008937852,0.49546114379084966,0.12482552793887956,ID1516374298.jpg
0.48979526078431374,0.5352038823529413,0.47319571764705876,0.21265288909544267,0.22475874724753522,0.21842788082369632,0.35723248877014174,0.10741678627450979,0.08038984303130445,9794.468438787906,0.49939828692810456,0.2202342073322734,ID1052620238.jpg
0.37282261372549025,0.4436471431372549,0.3064294431372549,0.2903815056535331,0.2864266562094134,0.26464041905176333,0.3950907963834572,0.2080422294117647,0.23385906286747474,53955.45216616722,0.37429973333333333,0.28624803989370246,ID963903358.jpg
0.4505251294117647,0.5576826196078433,0.24218942156862744,0.21460551621907953,0.2175747092103936,0.189022070597352,0.44600438026058864,0.4226506882352941,0.16463386345267372,25693.59409030162,0.4167990568627451,0.2453553720704139,ID529933668.jpg
0.4298442039215686,0.5019161196078432,0.35243647450980387,0.278393402467211,0.2787362915780164,0.2811310629117823,0.39084049770704316,0.2215515607843137,0.16056646820296588,11519.597874515095,0.4280655993464052,0.2860118346120862,ID147528735.jpg
0.4513072294117647,0.5239951666666667,0.3408594843137255,0.24064683171436912,0.2352097313475434,0.22797971296487424,0.39812364306532216,0.2558236196078431,0.14679761485348516,38175.88483316512,0.4387206267973856,0.24645231978470739,ID212206832.jpg
0.36904019803921567,0.48502240784313727,0.273476762745098,0.2987252321943904,0.28179749992547426,0.2831020044458811,0.4301600609581841,0.32752785490196074,0.30979749381221633,206508.67053593273,0.3758464562091503,0.30068732815584487,ID1215977190.jpg
0.4102079333333333,0.45497076666666664,0.16344480392156863,0.19393507208329255,0.20922030833255317,0.1608168554595988,0.4423102918696818,0.33628879607843143,0.058259977602423664,849.761489386694,0.34287450130718955,0.2284297052213154,ID983582017.jpg
0.27977165098039214,0.3620254509803922,0.2572580215686275,0.1604080287263396,0.16853702509716625,0.14936209983410775,0.40267324825697004,0.18702122941176472,0.26097832212708133,22238.369211444046,0.2996850411764706,0.16585879855241673,ID975115267.jpg
0.372929031372549,0.4961279470588235,0.22690127058823528,0.2529554612415241,0.25334711021761636,0.21709074571538908,0.4526887251186337,0.39242559215686273,0.26189318312035814,160116.5346669861,0.3653194163398693,0.2655986800456099,ID1148528732.jpg
0.46807588627450986,0.5762817039215687,0.22880876274509804,0.2133518842806102,0.20571419618646394,0.18660782229409834,0.45263660798443067,0.4556787588235294,0.15552110118895066,19616.50293069119,0.42438878431372545,0.24892529208686093,ID187238869.jpg
0.44328113529411767,0.4035025450980392,0.3085695,0.27250141261126337,0.2752260331948185,0.2487589946944156,0.3492460560576112,0.05515445490196078,-0.11236150738334412,832.6390292644556,0.3851177267973856,0.2717032948655545,ID1119739385.jpg
0.3415579156862745,0.4596962843137255,0.20256486862745096,0.2412139008843336,0.24321989926496185,0.20639805761837834,0.4579473473868226,0.3752697843137255,0.2677323364565402,165451.66082988025,0.3346063562091503,0.25368680973600405,ID2003438517.jpg
0.42821641372549024,0.4581176549019608,0.25477392941176474,0.28212991011959737,0.2747423586290749,0.246627021101147,0.40146739105718116,0.23324496666666666,0.07659248504743321,5607.274741318914,0.3803693326797386,0.282850895609565,ID1980675327.jpg
0.4280687098039216,0.5468405568627452,0.2572261235294117,0.26462110215702433,0.2606949832018658,0.2571470266363261,0.4438153118364448,0.40838628039215685,0.20577850654915528,23745.105033127395,0.4107117967320262,0.28664783790445414,ID740402124.jpg
0.48528786470588237,0.5394917352941176,0.4215036058823529,0.20689497248108282,0.19552834335440084,0.20301353428582575,0.37301942618823997,0.172192,0.10419238991366561,9292.580597208,0.48209440196078435,0.20754698620118675,ID846154859.jpg
0.5086664823529412,0.48222751764705885,0.46353225882352944,0.2047946587506419,0.2152035400050896,0.20264462762888644,0.33155858635386704,-0.00774370588235294,-0.07526169337193772,50.73555711611272,0.4848087529411764,0.2084440806072706,ID482555369.jpg
0.4169622156862745,0.5362062686274509,0.23479490980392154,0.26573403841312093,0.2602690001673297,0.24050525517287566,0.45136598212443685,0.4206554117647059,0.2153380548724777,49617.7687280867,0.3959877980392157,0.2841839793118715,ID1476045099.jpg
0.5422300921568626,0.4995727117647059,0.3090871647058823,0.2160363403383695,0.2149470534502215,0.20079685952036355,0.3698100657111162,0.14782816666666668,-0.06727606924872945,18.178163737148058,0.4502966562091503,0.2338185348468955,ID1098771283.jpg
0.34686368431372544,0.4601089411764706,0.25317061764705884,0.24642430060909712,0.24802131313434078,0.23202190270579273,0.4340063852831983,0.32018358039215683,0.2504040340593141,50899.24727696845,0.3533810810457516,0.256611977245547,ID475010202.jpg
0.40920706274509805,0.4202504156862745,0.2844639882352941,0.27010391004514306,0.26778865719898054,0.24499846117752305,0.37727113130437606,0.14682978039215686,0.02462101105859829,6349.133534138555,0.3713071555555556,0.2683683504146718,ID803479541.jpg
0.2865183568627451,0.3518814215686274,0.20279856274509803,0.16827154824520615,0.17587321388342628,0.15354334646039117,0.4183096900707168,0.21444592352941175,0.17877066276643222,22885.33585475367,0.2803994470588235,0.17700402211631694,ID194823383.jpg
0.5037870372549019,0.5251511098039215,0.35203658235294116,0.22609079544214694,0.22459633135083468,0.2133221895575274,0.3802756812391899,0.19447859999999997,0.02998237032610258,4411.476098042122,0.4603249098039215,0.2344388129048248,ID900012207.jpg
0.4521587392156863,0.5445580666666666,0.34518331764705884,0.23115999635860357,0.2289679295587918,0.23150008678705547,0.40581117257540766,0.2917740764705883,0.16637317912170607,21622.362153017188,0.4473000411764706,0.24451591806304002,ID1525817840.jpg
0.4163349156862745,0.5076374274509804,0.3335133980392157,0.2880214110858131,0.28556935116225357,0.28081322430785727,0.4036923893380487,0.2654265411764706,0.2188463601885886,31821.11262256854,0.4191619137254902,0.2935608007434653,ID121331988.jpg
0.39309870588235296,0.5048919431372549,0.2724932176470588,0.2769670400784695,0.27610390832549075,0.2645895796070241,0.4313531806820773,0.34419196274509806,0.23720224213478033,40874.20173968991,0.3901612888888889,0.2886573987455748,ID871463897.jpg
0.42593233137254904,0.600899868627451,0.2580522980392157,0.2497492019878028,0.24760043234313456,0.23009744956844352,0.46766838954611406,0.5178151078431372,0.2772603771009498,74469.16866091097,0.4282948326797386,0.280122636676463,ID905397692.jpg
0.43196790196078433,0.43177019607843137,0.36731825098039217,0.2884649056154234,0.3002397601456515,0.27197502997447404,0.35073146157360796,0.06425423921568628,-0.027656470158835083,7156.107181556299,0.41035211633986923,0.2887353010221899,ID1012260530.jpg
0.37788381764705886,0.44659802156862743,0.3202507882352941,0.27673526703164747,0.2697803794503416,0.2806501478143177,0.3901330380193267,0.19506143725490196,0.1589992201630226,5592.219532095818,0.38157754248366016,0.2805534076986012,ID1275072698.jpg
0.375655805882353,0.5223471098039216,0.24959250588235293,0.2357637564829902,0.23731986106640052,0.21174578103541708,0.4551665991645983,0.41944590784313723,0.2881556168570309,176989.15870779514,0.3825318071895425,0.2543029670720967,ID1868719645.jpg
0.3340504098039216,0.4462032137254902,0.21944021176470588,0.260262180670086,0.2506076556275211,0.2175657591233903,0.4463398627749016,0.3389158058823529,0.2822675216636201,33877.23233106243,0.3332312784313725,0.2605041236286861,ID697718693.jpg
0.5245553784313726,0.5747961176470588,0.32749702745098036,0.23542410191288335,0.23864902074489536,0.23453694738071798,0.4028431218450774,0.2975398294117647,0.06682161896452855,2714.0856960579436,0.4756161745098039,0.25920161462798946,ID162394992.jpg
0.4683736431372549,0.539200368627451,0.43587840392156857,0.2085173752508454,0.20949024525377904,0.21235153147418134,0.37354910978177464,0.17414869019607845,0.14323180080804537,11086.139779783633,0.48115080522875814,0.21450829786547593,ID969218269.jpg
0.5022305549019608,0.5163856450980392,0.3295930078431373,0.2155099903210387,0.21499702910146595,0.20196737933221762,0.3830159579565493,0.20094772745098038,0.01751089558701244,22.424601614773795,0.4494030692810458,0.22736971381930457,ID1570190541.jpg
0.41450263725490194,0.4661845333333333,0.29250460588235294,0.29165377301961015,0.2930274004866325,0.27702731691117155,0.3973643002869936,0.22536182352941178,0.12133879207731324,14950.50337608477,0.3910639254901961,0.29641048872636216,ID71885430.jpg
0.521986594117647,0.5589287,0.4571122392156862,0.18146935667144334,0.19093222699672618,0.17923218156242385,0.3634061707299768,0.1387585666666667,0.05384845537930897,20.48777313992141,0.5126758444444444,0.18870059932499772,ID1121692672.jpg
0.4268589549019608,0.4724278137254902,0.2986414333333334,0.2867802873625995,0.2901556656207716,0.27108333756187675,0.3943707218917687,0.21935523921568628,0.0965619509231041,8936.714296581436,0.3993094006535947,0.2922092511250136,ID1680597197.jpg
0.47909390196078433,0.564480394117647,0.4804418235294118,0.20140121500480804,0.21870325861679332,0.20672252147692793,0.3703900392858034,0.16942506274509803,0.16252310474703413,2030.4282531186939,0.5080053732026143,0.21284800214245495,ID789169173.jpg
0.5176287431372549,0.5280722294117647,0.3235445411764706,0.26444671925196667,0.2595884475480474,0.2765847183457338,0.3856665734973284,0.21497117450980394,0.015777067473960803,2523.2212015264554,0.4564151712418301,0.2830510999505531,ID1458758610.jpg
0.5243576019607843,0.4586878254901961,0.30365034313725486,0.24980243849153336,0.25217160469908234,0.24323149279177364,0.3564850622891598,0.08936770588235293,-0.12068421180700152,51.04024445575128,0.4288985901960785,0.2651039295800497,ID429799190.jpg
0.46691381176470587,0.5814542686274511,0.26880770784313723,0.20603157017348328,0.1951886617397925,0.18276153587490096,0.44144013988600694,0.4271870176470588,0.17307088850871968,31986.74668261107,0.4390585960784314,0.2337999188207714,ID2056982009.jpg
0.3811830509803921,0.5425368235294118,0.2120061196078431,0.21054804900036364,0.21249735289584581,0.17966993925306737,0.477700450251566,0.4918844764705882,0.2754628392113722,182373.84282797016,0.378575331372549,0.2424887395437677,ID1291116815.jpg
0.41588969607843135,0.4809111176470588,0.3615075215686274,0.2529626003617075,0.2329124010234819,0.22781935099088854,0.3821886101650629,0.18442501764705882,0.19269409451787012,41732.04311575075,0.4194361117647059,0.24309627406492695,ID1618597318.jpg
0.5706940490196079,0.5327248098039216,0.4298545254901961,0.1997412336358579,0.19558642804943802,0.20094424917240097,0.3474428055554715,0.06490104509803922,-0.06049491379164133,0.929524684582825,0.5110911281045751,0.20748422630549626,ID1623964968.jpg
0.5092327019607843,0.4828912941176471,0.3607582960784314,0.26618927492758915,0.2720481089485698,0.2649970844285046,0.35693518449297984,0.09579159019607843,-0.0605828209128088,424.0712689589802,0.4509607640522875,0.2754644690645345,ID1395011773.jpg
0.433543768627451,0.543413205882353,0.2472978980392157,0.2315691741952696,0.22546418691993422,0.20932612401689255,0.4438726066184135,0.4059847450980392,0.18331619903465515,35138.18087836551,0.40808495751633994,0.25369941044550237,ID141370843.jpg
0.44681580196078435,0.5767336627450981,0.32376612156862744,0.1568233592297705,0.15003050202431925,0.15515759395756856,0.4280612978427892,0.38288540196078436,0.20394074657157954,22155.549880469116,0.44910519542483657,0.18545506816887405,ID1078930021.jpg
0.44616152745098037,0.6110194745098039,0.23491141372549018,0.19077970718720136,0.18982725529392133,0.16323169734196666,0.47289146067493626,0.5409660078431372,0.22714197018731408,48125.3662057093,0.4306974718954248,0.23816185865835288,ID142751858.jpg
0.4419743235294118,0.4298491058823529,0.39386338431372553,0.2258592873258944,0.22005183059521397,0.22227164869965343,0.33961727168582834,0.023860503921568625,-0.038775957047583534,2518.8329600934294,0.4218956045751634,0.2236754569653696,ID1889150649.jpg
0.4037701333333333,0.5784125490196078,0.22035379803921568,0.2040427765648037,0.20817386199038979,0.17849161953893683,0.4809937608055311,0.5327011666666668,0.2709247858336697,139257.05304242455,0.4008454934640523,0.24559107922470605,ID629980789.jpg
0.36802129607843137,0.4775887647058823,0.23222147843137253,0.2778494477197129,0.2737132062256241,0.2499042931824008,0.44310148933143867,0.35493475490196086,0.24626720480620692,35170.56225751746,0.3592771797385621,0.285650504728046,ID48303557.jpg
0.429413268627451,0.5333304725490197,0.2478071588235294,0.242903589896622,0.24445278999318656,0.2216126950495589,0.44056839587937663,0.38944051764705884,0.17032977151259948,10920.046681574197,0.40351696666666664,0.2643477609453796,ID978026131.jpg
0.4514608254901961,0.5033892294117647,0.4414082882352941,0.18842978382458075,0.18526895817935427,0.18427827859371484,0.36052728227601916,0.11390934509803922,0.11719297840581391,16566.322242127724,0.46541944771241833,0.18797334695339032,ID567744300.jpg
0.45847356470588235,0.5860080274509804,0.32784039019607847,0.2669901265489924,0.2594606762357692,0.2592158470115873,0.42701933709174844,0.38570210000000005,0.22434829021654729,75418.94433514298,0.4574406607843138,0.2823256336974265,ID520514019.jpg
0.44004390392156867,0.47684183333333335,0.3088330588235294,0.2798962034492058,0.26665199527300537,0.27540950584670854,0.38903036403507807,0.20480670392156863,0.09409342866670893,14788.122737576861,0.4085729320261438,0.2833694140536279,ID1859792585.jpg
0.4244301176470588,0.4293367039215686,0.37593475098039214,0.19934758880556555,0.20039106199160858,0.19021918357416115,0.3491389374579861,0.058308539215686274,0.00023562168043681414,2806.3354720468474,0.40990052418300654,0.1981766254351992,ID1403107574.jpg
0.49237990196078435,0.5500636274509805,0.4908648568627451,0.20685375143480214,0.1911336857604189,0.19942572199867956,0.35874298268207094,0.11688249607843137,0.13507158984701267,6247.086893487379,0.5111027954248366,0.20113780204856793,ID1559189397.jpg
0.4937311058823529,0.554817062745098,0.4193977392156863,0.17932113400788624,0.17909004143800197,0.19667639965979528,0.37795470255491054,0.19650528039215687,0.0761271603259265,330.1815289898291,0.4893153026143791,0.19331266883610518,ID663006174.jpg
0.5213874862745097,0.530217331372549,0.46254573529411763,0.21798987495019118,0.22211718079493753,0.21983580238086028,0.35017477412723297,0.07650144117647059,-0.002366148994923293,1253.1816377953842,0.5047168509803922,0.2220285230723694,ID679913293.jpg
0.37792364509803916,0.394545437254902,0.3262722450980392,0.2485920367674106,0.24971296839405016,0.23728668713245576,0.35908855324422917,0.0848949843137255,0.03546381182920001,14918.792914964411,0.3662471091503268,0.246978181114503,ID577112774.jpg
0.3796736607843137,0.5262992843137255,0.24430742549019607,0.2533296350793655,0.25437775285406716,0.23341657871838176,0.4575399991127245,0.42861748235294117,0.2814036298613928,105176.27400481027,0.38342679019607834,0.2727319059498239,ID751517087.jpg
0.5377074411764706,0.4995943392156863,0.3793511,0.23777619758321433,0.2418756992625937,0.23271121518386295,0.3526582570818663,0.08213013725490195,-0.07481721937063426,51.10644525450176,0.4722176267973856,0.24688625969117944,ID1894998379.jpg
0.3987803509803922,0.5879053960784314,0.23230443921568625,0.21212017536325545,0.2188366707752865,0.18572100087448917,0.48228886325353054,0.5447260019607844,0.29730187104814726,121726.113504133,0.4063300620915033,0.2521165503661704,ID1753847361.jpg
0.4518403176470588,0.45993656470588234,0.3550099254901961,0.2950884931774481,0.28571016105712504,0.28965391965677634,0.36307337448378396,0.1130228862745098,0.03202868732616694,14568.00120568909,0.42226226928104577,0.2940657519080963,ID196516535.jpg
0.3946604137254902,0.42860385490196085,0.26871211960784314,0.2878794386180569,0.28283262372129575,0.25777226551084687,0.39250285591759393,0.19383517647058826,0.09513553363927417,7550.442922831506,0.3639921294117647,0.2849028513303658,ID488873801.jpg
0.3811441039215686,0.4985383078431373,0.22802642352941171,0.27799492270829607,0.2779241681894628,0.2525873397720853,0.4500625863565854,0.3879060882352941,0.24650253909851588,107502.31710911456,0.3692362784313726,0.2916187115440719,ID885388135.jpg
0.36140717058823524,0.48975360588235295,0.2573473745098039,0.30690509857456966,0.29154714109889923,0.286712955246247,0.441813261391962,0.36075266666666667,0.3135630316081065,81728.63490521624,0.3695027169934641,0.31010720120513086,ID1839139621.jpg
0.46106900392156863,0.4670105274509804,0.32209741960784316,0.27919163929884394,0.2706429303325689,0.2772102956222964,0.3735555381573737,0.150854631372549,0.019896189645521502,7586.786296934777,0.4167256503267974,0.2837196498404726,ID1993907137.jpg
0.4291513117647059,0.597962743137255,0.22684291176470586,0.20250273574720803,0.20341701039707827,0.17326032246696388,0.47686065332703076,0.539931262745098,0.24629530829676002,79870.20749312588,0.4179856555555555,0.24593830519204807,ID2089023774.jpg
0.3960830450980392,0.5513098647058824,0.34694687254901957,0.21593454648989044,0.2200474554177895,0.2207066884414758,0.42593905245211766,0.3595898117647059,0.3144415614597603,166675.29050441465,0.431446594117647,0.23559714238999,ID105271783.jpg
0.36766375098039217,0.44110923137254904,0.12136867058823528,0.17456891572687785,0.18802936071886284,0.134627350235101,0.47423876270387577,0.3931860411764706,0.11014973994916037,2442.2420221665434,0.31004721764705884,0.2160635560331627,ID545360459.jpg
0.38948212352941175,0.5726564352941177,0.21100226274509803,0.2260833110267934,0.23577131514398245,0.18321199338614264,0.4881395480271611,0.5448284843137255,0.3000729446792206,142497.9874640102,0.3910469405228758,0.26183261467935165,ID793526563.jpg
0.43197147450980394,0.48860369411764704,0.2350390431372549,0.25363777205309096,0.25290502045588154,0.24370673031387088,0.4228086544067571,0.3101968705882353,0.09859628919470831,2971.624627472642,0.38520473725490195,0.2727112311999214,ID588120964.jpg
0.47883190196078435,0.4817640156862745,0.34550441764705886,0.27033271471752707,0.2736270933086238,0.2770781130081661,0.3688568167232107,0.13919171176470588,-0.012613966555972867,2217.689174846371,0.43536677843137256,0.2809750926216801,ID1782509721.jpg
0.3959905431372549,0.4522410019607843,0.3040328823529412,0.28698798939149656,0.28569784771696144,0.27052960732552794,0.39248022178070874,0.20445857843137252,0.1576504744988833,33283.37088110273,0.3840881424836602,0.2877307530519963,ID1655778545.jpg
0.45850097647058824,0.4922569196078432,0.26477996078431376,0.27649069691223926,0.2799629048863845,0.266620099110691,0.4049704521985306,0.2612329019607843,0.049354446885774436,4552.503933243594,0.4051792856209151,0.29214739334317547,ID2053315094.jpg
0.4542148333333333,0.5037266196078432,0.3042614568627451,0.2576126388005523,0.2522092755187678,0.2544887751985427,0.3990852910450367,0.24897694901960782,0.09190744924171189,14602.824737440007,0.42073430326797395,0.26852245185098295,ID1645161155.jpg
0.5171082254901962,0.5028191999999999,0.40116987254901965,0.22867291953792004,0.23021881363965765,0.2242335719666256,0.3538246094447774,0.08736030196078431,-0.03230324612463916,515.6786080895611,0.4736990993464053,0.23349912370644205,ID1411613934.jpg
0.4420189215686275,0.5944252725490197,0.22141403333333332,0.20048552075547307,0.20276655514553904,0.17751914994121887,0.4725693681933572,0.5254175901960784,0.2112987304043944,22903.32335891339,0.41928607581699345,0.24709352764934808,ID1620371305.jpg
0.39198573921568636,0.401477631372549,0.2649476529411765,0.2882796233580483,0.28855550432076027,0.25180771906992744,0.3793210942196707,0.1460218705882353,0.016394889466279185,3403.4458402005152,0.35280367450980393,0.28366624549378766,ID1217108125.jpg
0.4496073921568628,0.5914446470588236,0.26612889803921563,0.26605245890221835,0.2573011873411749,0.24078530072892296,0.4524581300705657,0.4671530039215686,0.23408947154248594,81470.01302058961,0.4357269790849673,0.2876163764593831,ID1789853061.jpg
0.4573442098039216,0.5328794882352941,0.2777705901960784,0.20081029326669533,0.195227314976416,0.18864225666155016,0.4202538520693023,0.33064417647058825,0.11970455083585685,4265.183248907458,0.42266476274509795,0.22238753741683245,ID1414371018.jpg
0.35374731176470586,0.5267063607843138,0.2152002862745098,0.2670321815548626,0.27043026566311384,0.23303477049877658,0.4807232719193913,0.48446512352941173,0.3386919959120962,120750.54909592365,0.36521798627450974,0.2872045151820142,ID1471216911.jpg
0.5955734411764706,0.5779276490196078,0.5499225999999999,0.11876834473043561,0.11926387756139584,0.12114441208969864,0.3353369510665633,0.010359256862745097,-0.029678017018326053,0.9686033368584274,0.5744745633986927,0.12119632300811724,ID956512130.jpg
0.38965739803921573,0.4642204588235294,0.20523512549019607,0.2715872631326233,0.2734600662893252,0.24853177950863928,0.4383106072490059,0.3335483941176471,0.14133966978528054,9526.469011935924,0.35303766078431376,0.28627277432102977,ID746335827.jpg
0.4880814568627451,0.48128484313725495,0.48102967058823526,0.1959982753466632,0.21858680372364384,0.1945104551813751,0.33182996200945125,-0.0065414411764705875,-0.039822077848590196,225.4821378920782,0.48346532352941174,0.20335668783592414,ID1277756619.jpg
0.4774579843137255,0.6070095235294117,0.24000781176470587,0.19301445443360718,0.19132752824896254,0.16947361471876066,0.45830187241701065,0.4965532509803921,0.17213584574987176,15771.229126006421,0.4414917732026144,0.23935161687612722,ID294150104.jpg
0.4477986450980392,0.5171256019607844,0.2767156117647059,0.2586770025812713,0.2591630788502515,0.2353455517680729,0.4164859835330255,0.30973694705882354,0.11477757436825917,5282.466474461543,0.41387995294117647,0.27085729332994934,ID950496197.jpg
0.4836412294117647,0.5885880862745098,0.3164305764705882,0.1964847061336095,0.19304276358139597,0.18757307792758085,0.4238533030012002,0.3771043666666667,0.15542493713011685,11456.627331952615,0.4628866307189542,0.22266296878201755,ID908524512.jpg
0.44915112745098035,0.5009760294117647,0.32301422156862747,0.26860112529472036,0.26067689953608647,0.2663981531641708,0.3934959887126232,0.22978670980392157,0.11176491508914327,28687.204118970672,0.4243804594771241,0.2755736852361048,ID2099464826.jpg
0.5004429529411765,0.5150281156862745,0.4851775372549019,0.20275079286649833,0.2184955850251506,0.2066717553507539,0.3432036722223928,0.04443574117647059,0.010449942022723207,1610.8364664189842,0.5002162019607843,0.20976735111673345,ID576137678.jpg
0.5103983019607843,0.5858970372549018,0.2160585137254902,0.17740217491307986,0.17585439683733745,0.15161932089901045,0.4464474512551219,0.4453372588235294,0.09240132204837484,1786.1021531243593,0.4374512843137255,0.23220456989430674,ID54128926.jpg
0.4459250568627451,0.5727707843137255,0.3630276411764706,0.1846635360732475,0.18176860702277603,0.19868433705325295,0.41453357888440645,0.33658887058823533,0.21558597144745306,22694.9867535626,0.460574494117647,0.2073112924314078,ID1693880739.jpg
0.5380661647058823,0.49559024705882354,0.3417321,0.2455062433825296,0.24948551573257938,0.2433811912210993,0.3603274559998157,0.1113822294117647,-0.07946915086480792,174.23682013445662,0.45846283725490194,0.2601870747881503,ID1268934251.jpg
0.5387599627450981,0.5255339568627451,0.43806189803921564,0.18849427818409956,0.1738154138302865,0.1868809477768912,0.3498065818973255,0.07424605294117648,-0.020005507933118737,3152.194453120634,0.5007852725490196,0.188551651469629,ID617132135.jpg
0.3929018058823529,0.5269103705882353,0.23135954509803922,0.27723378341258953,0.26972455481256596,0.2575194707518021,0.45771656490404655,0.42955939019607847,0.25956515764246185,112207.66535586881,0.3837239071895424,0.2942378175960024,ID1208644039.jpg
0.354893631372549,0.42534714313725486,0.30412828039215684,0.29115574026657093,0.2895773660153795,0.26353275171488083,0.39225311464940316,0.1916723745098039,0.3425056151957116,93861.02635706318,0.3614563516339869,0.28605817445259235,ID761508093.jpg
0.5293071431372549,0.5390146470588236,0.3544227058823529,0.21926265324351044,0.21183586893977568,0.2140331881373431,0.37885554627410345,0.19429944509803923,0.017613203874177873,1351.8385582729297,0.4742481653594771,0.2311890143191919,ID972274220.jpg
0.4142603215686274,0.48309825098039216,0.30312821960784314,0.26301615892019753,0.2526272115733561,0.255575677183954,0.4024186272705626,0.24880796078431375,0.15823699400693866,43448.93156529239,0.4001622640522876,0.2675877884503325,ID317990700.jpg
0.524583562745098,0.5740111862745099,0.3087056784313726,0.1735525161085316,0.173772948083947,0.16449333619591144,0.40788105439248395,0.31473313137254905,0.06566869988248261,287.59087018034654,0.46910014248366,0.20590183107334012,ID1354190372.jpg
0.5610122549019607,0.5915869490196078,0.3241081450980392,0.21527072820141424,0.20772576070686175,0.20446988767034294,0.4006121764114218,0.2980534980392157,0.04003821210163647,2155.8152241586204,0.4922357830065359,0.2409475551157443,ID1084819986.jpg
0.45000462941176467,0.6221972725490197,0.2504296705882353,0.19289869492296272,0.18934812731435036,0.1853172039686579,0.4704237224926237,0.5439602450980393,0.23493969089272787,39567.52322916123,0.44087719084967314,0.24264900991836474,ID158170916.jpg
0.47766464117647056,0.5231125588235294,0.44974614117647055,0.21222718633696133,0.20447758461978532,0.19995796203758923,0.3606371165271145,0.11881433529411765,0.11388461396327274,4705.275900091825,0.48350778039215686,0.2078277947786684,ID550623196.jpg
0.4375322745098039,0.49514404705882353,0.4442827725490196,0.21486059170542687,0.24526899347392142,0.22655689096626289,0.3595924131502155,0.10847304705882352,0.10011539974625044,2027.2085694129753,0.45898636470588244,0.23067569549305134,ID431471530.jpg
0.3946559529411765,0.45983236862745097,0.357043194117647,0.21073672179535188,0.21040408779209346,0.20546475310852416,0.3795463501182753,0.16796559019607843,0.160688244081205,22692.09889753255,0.4038438385620915,0.2131549076017246,ID1254829053.jpg
0.3165765058823529,0.45125901176470595,0.23618356274509802,0.2955694471683545,0.2952532473912293,0.2721044024255521,0.4494526210536993,0.3497579549019607,0.4013026771763325,291761.6620701699,0.33467302679738564,0.3012178251161858,ID290369222.jpg
0.4556546588235294,0.48145652156862745,0.2936359117647058,0.2621483121724091,0.2558610830610958,0.24540203899227064,0.391190457182376,0.2136224725490196,0.05291249064920994,9866.260088550585,0.4102490307189543,0.2677931972440168,ID1058383417.jpg
0.3456606529411764,0.4460077960784314,0.25891853921568625,0.2543326601221702,0.2595159418096143,0.2383971604559664,0.424531996710035,0.28743640000000004,0.2469360986739067,48146.771929779614,0.35019566274509806,0.2622968271883515,ID384648061.jpg
0.38641175294117647,0.46841538627450985,0.3349480764705883,0.2854583408000782,0.28273619780754533,0.2876672353647687,0.3937007395697982,0.21547094313725493,0.19496567252367472,17885.872505131993,0.39659173856209157,0.29054022655472983,ID1859251563.jpg
0.42086029607843134,0.6004361294117647,0.22785117843137254,0.2040689109017262,0.2086674872637402,0.16908386514295015,0.4806766812184496,0.5521607843137255,0.2684196537908402,121324.26795251499,0.41638253464052283,0.24712712144362198,ID1062837331.jpg
0.3876392666666666,0.5411424725490196,0.2445907411764706,0.22706941354801638,0.2262117580210425,0.2031758721614191,0.46118558000977383,0.450054937254902,0.275134294512133,157376.4989949797,0.39112416013071893,0.25033470559651133,ID1477176296.jpg
0.5025389960784313,0.5430455352941176,0.3337154568627451,0.19038074723054577,0.18691620003595072,0.18622326071694267,0.3937109664242019,0.24983661764705883,0.06268898395356817,311.50185099793794,0.45976666274509814,0.20857879981771865,ID1590632667.jpg
0.4487091215686274,0.5216405039215686,0.3662299078431373,0.2259763979903996,0.23036734082674593,0.19631993292119815,0.3902801793753589,0.22834197843137255,0.12792807118604319,1890.4356924880744,0.4455265111111111,0.2271323992969728,ID498304885.jpg
0.5201860980392157,0.5242186921568628,0.3236286352941176,0.22304665323597422,0.21840001334853834,0.21360199046719172,0.3831914327218354,0.20462265098039215,0.004938087767373317,70.24161852675843,0.45601114183006547,0.2376061227078167,ID1294770420.jpg
0.4852774392156863,0.5588436823529412,0.43410081960784314,0.23820335948029134,0.23346917303416667,0.2362894874753956,0.37805126754353435,0.19830910588235293,0.14877442004738173,21092.4616901214,0.49274064705882353,0.24148523572965816,ID1671844336.jpg
0.4577323294117647,0.4401878960784314,0.3207722901960785,0.2702944645598196,0.2687965519678626,0.2632580460375934,0.36119684563631105,0.10187117254901962,-0.04783570177999317,2076.850166223591,0.4062308385620915,0.27430161715938184,ID2069766023.jpg
0.47268127450980396,0.5150123882352942,0.31620849215686275,0.24948023846172673,0.2583725002915229,0.24403307598625062,0.394977784452116,0.24113500980392158,0.06234567771157832,2666.029393678196,0.43463405163398694,0.2648784386380221,ID1540480250.jpg
0.429852305882353,0.4559596705882353,0.22695528431372547,0.2823903054028677,0.27591803212236465,0.2318492740076405,0.40975294885053587,0.2551117509803922,0.061756740199289326,4349.406423348398,0.37092242026143785,0.2834664780234733,ID930534670.jpg
0.4315729215686275,0.5541916980392158,0.28559358235294113,0.20393160568439644,0.202987104081543,0.190813614132197,0.4359052333366374,0.39121689215686273,0.20159360161868728,34178.38056396533,0.4237860673202615,0.22757059423568976,ID875119737.jpg
0.44358648039215687,0.43609384509803917,0.27221993921568627,0.27654823554949703,0.2786809500831948,0.25717518283554375,0.3785864581110445,0.15638127058823528,-0.024568852660227618,1589.2331508039779,0.3839667549019608,0.2822765601363116,ID307060225.jpg
0.43334491960784316,0.5784113098039216,0.3282458921568628,0.19623421259834764,0.2066531427590031,0.19225851031785915,0.43164954456216,0.3952318078431373,0.23275111591029166,21108.35615134009,0.44666737385620914,0.22340868542499426,ID638711343.jpg
0.44998834313725494,0.6027697039215686,0.23913149803921568,0.18930743752980805,0.18980620233723852,0.16732916164607303,0.46657990347775935,0.5164195666666667,0.20570228162105098,4286.94567576747,0.4306298483660131,0.2356135593546808,ID1789265307.jpg
0.3512149803921569,0.4936128039215687,0.2517503333333333,0.16577922328742178,0.1784105779005315,0.14868838869592857,0.45013920255797896,0.3842602941176471,0.25925379467334214,18433.152978354847,0.36552603921568627,0.19233413552120893,ID779628955.jpg
0.4128971470588236,0.4535929470588235,0.20991216274509802,0.27650298477811613,0.28541866710751723,0.2438564734134391,0.42139724248338317,0.2843765843137255,0.06882136612934603,3201.5887214009817,0.35880075228758174,0.28951884680334916,ID1113329413.jpg
0.3969104980392157,0.4561182450980393,0.3196342980392157,0.24527831324520882,0.2477338128182812,0.2282140066041665,0.3889593388658746,0.19569169411764706,0.13985347196872427,22751.107745348443,0.3908876803921568,0.24697062657545396,ID1345375788.jpg
0.46466536078431375,0.5971589294117647,0.27867096274509806,0.1836086130525151,0.18728238787588442,0.16845107583354615,0.44547634439344475,0.45098153529411766,0.18023473145601468,2270.1863632435534,0.4468317509803921,0.222378753075867,ID1831254380.jpg
0.5119757235294118,0.5301321098039216,0.3422956372549019,0.21676470540480164,0.2099934223432494,0.21042143898249885,0.38293179498412383,0.20599285882352938,0.028193674370828987,535.9694802154117,0.4614678235294118,0.22864032822577512,ID1451025862.jpg
0.5434071,0.5719606156862744,0.30448260980392156,0.19246473280461024,0.19031174469978235,0.18388524605850332,0.4028316234392465,0.29603152156862744,0.0335154607946734,1498.9318601564473,0.4732834418300653,0.22377313677794472,ID656251220.jpg
0.47617971176470586,0.47525068627450984,0.349681468627451,0.2750052379157076,0.2788768028405074,0.27683083173478334,0.3652650435349649,0.12464019215686273,-0.019779591712288724,1822.3791399756888,0.4337039555555556,0.2832110876190797,ID1729002155.jpg
0.4347531294117647,0.5343907862745098,0.22725072156862747,0.24584995196487905,0.2478490430268025,0.22128683834624488,0.4466676505956093,0.40677772156862746,0.16116145875784546,19895.561773123198,0.3987982124183007,0.2707679545253275,ID1857489997.jpg
0.5214401607843137,0.5740436529411764,0.3021901803921569,0.22010145704487796,0.24707502023720765,0.21783999430210046,0.4107135506920806,0.32445696470588237,0.05831191600110604,2580.9268807986296,0.46589133137254907,0.2572454366799926,ID210865340.jpg
0.47333014509803917,0.5464903078431373,0.22257166078431373,0.24012747782404364,0.24221277777134761,0.21768253739861598,0.43986942399828494,0.3970788098039216,0.10343352794267968,7926.555214867004,0.4141307045751634,0.2716814482708811,ID560946727.jpg
0.3854975705882353,0.5254576294117647,0.2968507921568627,0.31713193221804786,0.3158215149489603,0.294521344436162,0.43505134804216794,0.36856689607843135,0.32409405540269504,39068.840700447596,0.4026019973856209,0.3233306353200691,ID1088965591.jpg
0.3878107901960785,0.5460002666666666,0.22684635882352938,0.26039842225400667,0.2645340376321739,0.2412419098687587,0.4704232744160725,0.4773433843137255,0.2864904603382672,122698.33223824439,0.38688580522875815,0.286887984119842,ID1113121340.jpg
0.3512601274509804,0.4935951294117647,0.19725227647058824,0.2431350588349414,0.25076986717559785,0.2135480623033654,0.4736508554893754,0.4386778549019608,0.2790047689138043,102955.5440462799,0.34736917777777776,0.26554046176942375,ID1437386574.jpg
0.44123661176470585,0.46978346862745096,0.3662087843137255,0.18349410720459047,0.1782168405252601,0.180034960255781,0.3678146320765193,0.13212154117647057,0.0589516763939451,1517.9661355396581,0.42574295490196074,0.18580263207655864,ID1952813879.jpg
0.39018660588235293,0.42737155098039215,0.27036239215686275,0.2947964252433547,0.2969560400259357,0.2663547731233306,0.3928334173273856,0.19419410392156863,0.09144622883126861,9674.576745880286,0.3626401830065359,0.2941070288782883,ID697059386.jpg
0.37319389215686277,0.4937111921568627,0.3145992764705883,0.3067567300716942,0.2889800819410521,0.2852076381766881,0.4178665812544766,0.2996292156862745,0.350970746965026,87338.77120802946,0.39383478692810453,0.3031128420534174,ID490139972.jpg
0.49404824901960787,0.42741534117647056,0.2625099725490196,0.2897201324210775,0.28945663503614427,0.25441050019431566,0.3610007444553751,0.09827246078431373,-0.12636304237687424,1135.3647773075209,0.394657854248366,0.29487973111417753,ID1182523622.jpg
0.4167333529411765,0.5056796568627451,0.24543815294117646,0.2610009723129919,0.2581422738027719,0.23776869821269303,0.4330000848259778,0.3491878078431373,0.16540804344620672,16843.40224325163,0.3892837209150326,0.2746427610256562,ID808079729.jpg
0.4451286490196078,0.5532017176470589,0.3954723980392157,0.21282703289204047,0.2060767788591476,0.20747284122009133,0.3969010018392269,0.2658023882352941,0.22599980967420957,40316.757455287196,0.4646009215686275,0.21894899542118662,ID364856705.jpg
0.41673103333333333,0.48620481568627455,0.3267192666666667,0.2719230253089081,0.2672834737695962,0.24301863609621444,0.3953993323249249,0.228959331372549,0.20936210010707007,49126.23530049069,0.4098850385620915,0.26909029845834925,ID670276799.jpg
0.4638245921568627,0.5432542745098039,0.35754416274509804,0.19349062332056438,0.1950751473642291,0.18232199760402176,0.3980984189919434,0.26513979411764704,0.12831486339784284,2702.020328481698,0.4548743431372549,0.20501912795686195,ID1692894460.jpg
0.4265773392156863,0.4814019098039216,0.3248565176470588,0.2608048465524279,0.25260226105594924,0.2500985814190249,0.39048340331713355,0.211369962745098,0.12553532236500478,30650.160481535022,0.41094525555555556,0.2626760639176012,ID353997899.jpg
0.44266096666666666,0.5098263333333334,0.2586783843137255,0.26700917463533697,0.25844267339208227,0.24406749893959473,0.42093855178272105,0.3183133156862746,0.12713193592213445,7607.58979596905,0.4037218947712419,0.277769377923853,ID1547945326.jpg
0.38344009803921564,0.5148863333333333,0.24029136274509802,0.27096249616849843,0.26814856550313354,0.24223130205808455,0.45220295297625,0.40604120588235293,0.26875104306528635,122145.3126620228,0.3795392647058824,0.28385697977163626,ID528010569.jpg
0.5049715117647059,0.4407010098039216,0.3094210921568627,0.29623187603353457,0.29304085193637064,0.26694541321003296,0.351129988610563,0.0670094156862745,-0.139491389681697,292.60009661391297,0.4183645379084967,0.2970715285276825,ID657448172.jpg
0.37760113137254897,0.42304163333333333,0.25586201176470585,0.28682588216208577,0.2861890003972957,0.25150984484611727,0.40041620137526024,0.21262012352941173,0.11008046033285789,20575.42095523364,0.3521682588235294,0.28423886206501087,ID1428837636.jpg
0.5649629509803921,0.5644259980392157,0.3068039058823529,0.1693772494056406,0.170124937004316,0.16648672500278444,0.39300153331269005,0.25708513921568626,-0.0046225384991908786,16.10391915438474,0.47873095163398693,0.20791623646687868,ID1962379474.jpg
0.41174348235294117,0.47114538627450975,0.30577638039215677,0.2594006194961875,0.2521601072160554,0.24112687963793836,0.39636506804539995,0.2247709098039216,0.1534883915790943,56818.90009010758,0.3962217496732026,0.26016047194086317,ID1783499590.jpg
0.42837187058823534,0.5050443549019609,0.33036412745098037,0.2646068632599623,0.26453769699288116,0.2642884875413192,0.39962984843867877,0.25135271176470586,0.15642784666793216,8083.472159150786,0.4212601176470588,0.2739694912074819,ID1563418511.jpg
0.4190697411764706,0.4767007784313726,0.2248287411764706,0.2687406666178092,0.26872500039260033,0.240952218621238,0.42539808016984254,0.3095030745098039,0.10542256669254782,7843.624000783693,0.3735330869281045,0.28126072440848343,ID1899025384.jpg
0.5640991411764705,0.5273199450980393,0.4421308666666666,0.2039100486953864,0.20711105697024634,0.20541401561091663,0.3438557320210806,0.04840988235294118,-0.06904665061672995,115.04012982339891,0.5111833176470588,0.21173720488644757,ID633775166.jpg
0.4738581019607843,0.5988424372549019,0.2606464176470588,0.205578612541053,0.20151524925161426,0.1855723725248311,0.44912723554914485,0.46318035490196074,0.17670951340742933,16791.62877504008,0.44444898562091506,0.24207002092016788,ID1159071020.jpg
0.5596115176470589,0.46811642941176473,0.3392943254901961,0.25273840896309857,0.25730635088034964,0.24657003555913964,0.3424351127173223,0.03732701568627451,-0.16373082003394684,36.869565942602776,0.4556740908496732,0.2679440826413091,ID1874904894.jpg
